{"lr": [1.202264434617413e-05, 1.3182567385564071e-05, 1.4454397707459275e-05, 1.5848931924611138e-05, 1.7378008287493754e-05, 1.9054607179632474e-05, 2.08929613085404e-05, 2.2908676527677732e-05, 2.5118864315095805e-05, 2.7542287033381663e-05, 3.0199517204020165e-05, 3.311311214825912e-05, 3.630780547701014e-05, 3.981071705534973e-05, 4.365158322401661e-05, 4.7863009232263844e-05, 5.248074602497726e-05, 5.75439937337157e-05, 6.309573444801933e-05, 6.918309709189364e-05, 7.585775750291839e-05, 8.317637711026712e-05, 9.120108393559098e-05, 0.0001, 0.00010964781961431853, 0.00012022644346174131, 0.00013182567385564074, 0.00014454397707459272, 0.00015848931924611134, 0.00017378008287493755, 0.00019054607179632476, 0.00020892961308540398, 0.00022908676527677737, 0.00025118864315095795, 0.0002754228703338166, 0.00030199517204020164, 0.00033113112148259116, 0.00036307805477010145, 0.00039810717055349735, 0.0004365158322401659, 0.0004786300923226383, 0.0005248074602497726, 0.000575439937337157, 0.0006309573444801933, 0.0006918309709189367, 0.0007585775750291836, 0.0008317637711026709, 0.0009120108393559097, 0.001, 0.0010964781961431851, 0.0012022644346174132, 0.0013182567385564075, 0.001445439770745928, 0.0015848931924611143, 0.0017378008287493763, 0.0019054607179632465, 0.002089296130854039, 0.002290867652767773, 0.00251188643150958, 0.0027542287033381664, 0.0030199517204020166, 0.003311311214825911, 0.0036307805477010144, 0.003981071705534973, 0.004365158322401661, 0.004786300923226385, 0.005248074602497729, 0.005754399373371567, 0.00630957344480193, 0.006918309709189364, 0.007585775750291836, 0.008317637711026709, 0.009120108393559097, 0.01, 0.010964781961431852, 0.012022644346174132, 0.013182567385564076, 0.014454397707459281], "loss": [1.000206669149112, 1.0002110521697347, 1.000217607784731, 1.0002248343196498, 1.0002314739700529, 1.0002360874325376, 1.0002371779730364, 1.0002327752536933, 1.0002212299583944, 1.0002004695811817, 1.0001680649890696, 1.0001213792247128, 1.0000579786399708, 0.9999749354801026, 0.9998688855542187, 0.9997364921660038, 0.9995730208573897, 0.999374360202646, 0.9991365887750661, 0.9988547771260036, 0.998524016444244, 0.9981413561897156, 0.9977026783163805, 0.9972054326398745, 0.9966492215942734, 0.9960329189465276, 0.9953590620885739, 0.9946285670653177, 0.9938430331809169, 0.9930102521049742, 0.9921346243107844, 0.9912178743608081, 0.9902619729926201, 0.9892619902981454, 0.9882017469036901, 0.9870555646886928, 0.9857921246416506, 0.984382036740578, 0.9827836496285934, 0.9809728715760374, 0.9789273321085494, 0.9766438569010687, 0.9741238896816695, 0.9713662753044743, 0.9683780444783314, 0.9651431892327919, 0.9616244008438305, 0.9577658804525429, 0.9535078465525292, 0.9487819916599431, 0.943515399370388, 0.9376330916286961, 0.9311100616803649, 0.9239771982564571, 0.9162075060937012, 0.9077188349316357, 0.8983120082149174, 0.887847408476375, 0.8763523720756408, 0.8637723686578381, 0.8494710468370751, 0.8334827930108721, 0.8159544085202712, 0.7961024295814967, 0.7748193505019213, 0.7501521343043948, 0.72520589778954, 0.699550745494833, 0.6801690462850372, 0.673526783863552, 0.6877198393485595, 0.7300989462666532, 0.792350821158289, 0.8358211277835244, 1.1067466075565358, 1.4874796844878921, 2.309451091052856, 3.412373550358102]}