{"lr": [1.202264434617413e-05, 1.3182567385564071e-05, 1.4454397707459275e-05, 1.5848931924611138e-05, 1.7378008287493754e-05, 1.9054607179632474e-05, 2.08929613085404e-05, 2.2908676527677732e-05, 2.5118864315095805e-05, 2.7542287033381663e-05, 3.0199517204020165e-05, 3.311311214825912e-05, 3.630780547701014e-05, 3.981071705534973e-05, 4.365158322401661e-05, 4.7863009232263844e-05, 5.248074602497726e-05, 5.75439937337157e-05, 6.309573444801933e-05, 6.918309709189364e-05, 7.585775750291839e-05, 8.317637711026712e-05, 9.120108393559098e-05, 0.0001, 0.00010964781961431853, 0.00012022644346174131, 0.00013182567385564074, 0.00014454397707459272, 0.00015848931924611134, 0.00017378008287493755, 0.00019054607179632476, 0.00020892961308540398, 0.00022908676527677737, 0.00025118864315095795, 0.0002754228703338166, 0.00030199517204020164, 0.00033113112148259116, 0.00036307805477010145, 0.00039810717055349735, 0.0004365158322401659, 0.0004786300923226383, 0.0005248074602497726, 0.000575439937337157, 0.0006309573444801933, 0.0006918309709189367, 0.0007585775750291836, 0.0008317637711026709, 0.0009120108393559097, 0.001, 0.0010964781961431851, 0.0012022644346174132, 0.0013182567385564075, 0.001445439770745928, 0.0015848931924611143, 0.0017378008287493763, 0.0019054607179632465, 0.002089296130854039, 0.002290867652767773, 0.00251188643150958, 0.0027542287033381664, 0.0030199517204020166, 0.003311311214825911, 0.0036307805477010144, 0.003981071705534973, 0.004365158322401661, 0.004786300923226385, 0.005248074602497729, 0.005754399373371567, 0.00630957344480193, 0.006918309709189364, 0.007585775750291836, 0.008317637711026709, 0.009120108393559097], "loss": [1.0003050400057234, 1.0003063416859674, 1.0003074222688166, 1.0003068433851088, 1.0003028136094463, 1.0002922196375423, 1.0002720653307273, 1.000237536447203, 1.0001829777191698, 1.000101971549321, 0.9999867597737049, 0.999828822804849, 0.9996185747395675, 0.9993461242694451, 0.9990037376447428, 0.9985825741591566, 0.9980771107226506, 0.9974833902283132, 0.9968021245505356, 0.9960331023560791, 0.9951801882718216, 0.9942510936863157, 0.99325118009065, 0.9921931492584596, 0.9910808069481625, 0.9899195959859395, 0.9887037085623388, 0.9874227931746224, 0.9860603245739743, 0.9845873877693391, 0.9829755692656772, 0.9811868835690312, 0.979190408098759, 0.9769772031488926, 0.9745264415275076, 0.9718289917426722, 0.9688811504757915, 0.9656796974858557, 0.9622022485415284, 0.9583901109614682, 0.9541822662216756, 0.9495110720283835, 0.9443162371483502, 0.9385655828960698, 0.9322324386665062, 0.9252739147416553, 0.9176728988555263, 0.9093540786329174, 0.9002446720897291, 0.890214673436493, 0.879191574608077, 0.8671074253952346, 0.8538520014779444, 0.8392610217526031, 0.8233520298326196, 0.8057810817542337, 0.7860874947165583, 0.7647261653601859, 0.7415278694905275, 0.7178274908744346, 0.6929974112087762, 0.6682555334681021, 0.6453725705424126, 0.6296109110176765, 0.6228902566108576, 0.6298725030308453, 0.6571807328275621, 0.7057742089441772, 0.8028173992274692, 1.087097540633132, 1.719402086782638, 2.9843904455789643, Infinity]}