{"lr": [1.202264434617413e-05, 1.3182567385564071e-05, 1.4454397707459275e-05, 1.5848931924611138e-05, 1.7378008287493754e-05, 1.9054607179632474e-05, 2.08929613085404e-05, 2.2908676527677732e-05, 2.5118864315095805e-05, 2.7542287033381663e-05, 3.0199517204020165e-05, 3.311311214825912e-05, 3.630780547701014e-05, 3.981071705534973e-05, 4.365158322401661e-05, 4.7863009232263844e-05, 5.248074602497726e-05, 5.75439937337157e-05, 6.309573444801933e-05, 6.918309709189364e-05, 7.585775750291839e-05, 8.317637711026712e-05, 9.120108393559098e-05, 0.0001, 0.00010964781961431853, 0.00012022644346174131, 0.00013182567385564074, 0.00014454397707459272, 0.00015848931924611134, 0.00017378008287493755, 0.00019054607179632476, 0.00020892961308540398, 0.00022908676527677737, 0.00025118864315095795, 0.0002754228703338166, 0.00030199517204020164, 0.00033113112148259116, 0.00036307805477010145, 0.00039810717055349735, 0.0004365158322401659, 0.0004786300923226383, 0.0005248074602497726, 0.000575439937337157, 0.0006309573444801933, 0.0006918309709189367, 0.0007585775750291836, 0.0008317637711026709, 0.0009120108393559097, 0.001, 0.0010964781961431851, 0.0012022644346174132, 0.0013182567385564075, 0.001445439770745928, 0.0015848931924611143, 0.0017378008287493763, 0.0019054607179632465, 0.002089296130854039, 0.002290867652767773, 0.00251188643150958, 0.0027542287033381664, 0.0030199517204020166, 0.003311311214825911, 0.0036307805477010144, 0.003981071705534973, 0.004365158322401661, 0.004786300923226385, 0.005248074602497729, 0.005754399373371567, 0.00630957344480193, 0.006918309709189364, 0.007585775750291836, 0.008317637711026709, 0.009120108393559097, 0.01, 0.010964781961431852, 0.012022644346174132, 0.013182567385564076, 0.014454397707459281, 0.01584893192461114, 0.017378008287493765, 0.019054607179632463, 0.02089296130854039, 0.022908676527677727, 0.0251188643150958, 0.027542287033381664, 0.030199517204020164, 0.03311311214825911, 0.03630780547701014, 0.039810717055349734, 0.04365158322401662, 0.04786300923226385, 0.052480746024977286, 0.057543993733715666, 0.0630957344480193, 0.06918309709189363, 0.07585775750291836, 0.0831763771102671, 0.09120108393559097, 0.1, 0.10964781961431852], "loss": [0.9997109196365928, 0.9997070674573705, 0.999682134375762, 0.9996529254646366, 0.9996172861081746, 0.999589872517503, 0.9995618038344937, 0.9995272992630714, 0.9994957540845961, 0.9994628150611405, 0.9994335134949294, 0.9994032799333814, 0.9993660178994502, 0.9993251223303289, 0.9992807349088377, 0.9992303982633014, 0.9991729407576385, 0.9991097164154038, 0.9990474301485993, 0.9989829618474352, 0.9989044402778102, 0.9988306234200937, 0.9987408451673004, 0.9986466315005775, 0.9985481541250862, 0.9984255296311118, 0.9983009482143919, 0.9981641378145059, 0.998014121433733, 0.9978489632794886, 0.9976413255088292, 0.997472540392145, 0.9972763390309768, 0.9969900515348358, 0.996731207323726, 0.9964264981466208, 0.9961010853412441, 0.9957076891201069, 0.9953477981026443, 0.9948835633781937, 0.9944534772134411, 0.9939657607516126, 0.993414136107779, 0.9927986357551827, 0.9920733313356722, 0.9912591303129271, 0.990385601398916, 0.9894120584379623, 0.9883309096301834, 0.9871231253740268, 0.98577702706849, 0.9842796843531061, 0.9826411942297054, 0.9808169665882067, 0.9788087696958487, 0.976569031738611, 0.974114451695246, 0.9713879413628593, 0.9683925248879514, 0.9651131984277646, 0.9615200383990407, 0.9575717816388576, 0.9532833752872184, 0.9485462500524366, 0.943336297622443, 0.9376375175299404, 0.9313975721600825, 0.9245879736081672, 0.917110815619171, 0.9089623572692975, 0.9000396394386296, 0.8903514104736473, 0.8798492032374308, 0.8684836949252971, 0.8561709364307228, 0.8429404905815163, 0.8289725162264123, 0.814303894285565, 0.799215903455394, 0.7835651369311427, 0.7683152252699652, 0.7527453930975436, 0.736455954058397, 0.7193871417582479, 0.7043027430346459, 0.6929097239484506, 0.6810411006141687, 0.6693473890087129, 0.6594516787509483, 0.6492401361577625, 0.6528497684906369, 0.6564711382968019, 0.6594304417645671, 0.6618058329954515, 0.6658868680458986, 0.667464349612567, 0.6679410832581313, 0.6673652857258333, 0.6658945744448845, 0.6702493306319716]}