{"lr": [1.318256738556407e-06, 1.5135612484362082e-06, 1.7378008287493755e-06, 1.9952623149688796e-06, 2.290867652767773e-06, 2.630267991895382e-06, 3.019951720402016e-06, 3.467368504525316e-06, 3.9810717055349725e-06, 4.57088189614875e-06, 5.248074602497725e-06, 6.025595860743577e-06, 6.918309709189365e-06, 7.943282347242813e-06, 9.120108393559098e-06, 1.0471285480508997e-05, 1.2022644346174127e-05, 1.3803842646028849e-05, 1.5848931924611134e-05, 1.8197008586099834e-05, 2.0892961308540396e-05, 2.3988329190194907e-05, 2.754228703338166e-05, 3.162277660168379e-05, 3.630780547701014e-05, 4.168693834703355e-05, 4.7863009232263844e-05, 5.495408738576244e-05, 6.30957344480193e-05, 7.244359600749901e-05, 8.31763771102671e-05, 9.549925860214361e-05, 0.00010964781961431853, 0.0001258925411794167, 0.00014454397707459272, 0.00016595869074375604, 0.0001905460717963247, 0.0002187761623949553, 0.00025118864315095806, 0.0002884031503126605, 0.000331131121482591, 0.0003801893963205612, 0.00043651583224016595, 0.0005011872336272723, 0.0005754399373371571, 0.0006606934480075957, 0.0007585775750291835, 0.0008709635899560805, 0.001, 0.0011481536214968827, 0.0013182567385564075, 0.0015135612484362085, 0.0017378008287493763, 0.0019952623149688807, 0.002290867652767775, 0.00263026799189538, 0.0030199517204020144, 0.003467368504525315, 0.003981071705534972, 0.0045708818961487496, 0.005248074602497725, 0.006025595860743578, 0.006918309709189365, 0.007943282347242817, 0.0091201083935591, 0.010471285480509001, 0.012022644346174135], "loss": [0.997166159338256, 0.9971915667343059, 0.9972284201511895, 0.9972696049241682, 0.9973126601085445, 0.9973543746241662, 0.9973933366753684, 0.9974281008022352, 0.9974573437261709, 0.9974805094562327, 0.9974958863513098, 0.9975021935183486, 0.9974976448135922, 0.9974800446603814, 0.9974480702966978, 0.9974004109574564, 0.9973342542886803, 0.9972470130604952, 0.9971360385192091, 0.996997331912329, 0.9968251894581731, 0.9966128603682147, 0.9963513701212501, 0.9960265529061575, 0.9956240202947979, 0.9951225931087208, 0.9944972769627979, 0.9937163817077518, 0.9927414252696815, 0.9915298074831896, 0.9900390558926214, 0.9882187538878305, 0.9860286238744523, 0.9834307633646395, 0.980415873687503, 0.9769910370283627, 0.9731605899173383, 0.9689025460046123, 0.964251966786517, 0.9591797026677403, 0.9536852919316059, 0.9478303830815501, 0.9416259855160085, 0.9350196586750443, 0.928033564005569, 0.9206602633328401, 0.9128970837231127, 0.9047259782618625, 0.8961700366058436, 0.887198811353839, 0.8777721395226689, 0.8678328515835309, 0.8572432418489134, 0.8457297684143613, 0.8332674057705399, 0.8196430270648596, 0.8047921369265263, 0.7885793373286233, 0.771197146705714, 0.7520931640804356, 0.7302123100145033, 0.7053999306083513, 0.6798342386096659, 0.6582549032449345, 0.664275726704208, 1.077302948718593, 5.499420059647145]}