{"lr": [1.4454397707459274e-07, 1.7378008287493754e-07, 2.0892961308540395e-07, 2.51188643150958e-07, 3.019951720402016e-07, 3.6307805477010137e-07, 4.36515832240166e-07, 5.248074602497725e-07, 6.309573444801933e-07, 7.585775750291837e-07, 9.120108393559096e-07, 1.096478196143185e-06, 1.3182567385564074e-06, 1.5848931924611132e-06, 1.9054607179632473e-06, 2.2908676527677735e-06, 2.754228703338166e-06, 3.311311214825911e-06, 3.981071705534973e-06, 4.7863009232263826e-06, 5.754399373371569e-06, 6.918309709189365e-06, 8.317637711026708e-06, 9.999999999999999e-06, 1.202264434617413e-05, 1.4454397707459279e-05, 1.737800828749376e-05, 2.0892961308540385e-05, 2.5118864315095795e-05, 3.019951720402016e-05, 3.630780547701014e-05, 4.365158322401661e-05, 5.248074602497728e-05, 6.309573444801929e-05, 7.585775750291836e-05, 9.120108393559096e-05, 0.00010964781961431851, 0.00013182567385564074, 0.0001584893192461114, 0.00019054607179632462, 0.00022908676527677726, 0.0002754228703338166, 0.0003311311214825911, 0.0003981071705534973, 0.0004786300923226385, 0.0005754399373371565, 0.0006918309709189362, 0.0008317637711026709, 0.001, 0.001202264434617413, 0.001445439770745928, 0.001737800828749376, 0.0020892961308540407, 0.002511886431509582, 0.0030199517204020187, 0.00363078054770101, 0.004365158322401656, 0.005248074602497722, 0.006309573444801929, 0.007585775750291836, 0.009120108393559097, 0.01096478196143185, 0.013182567385564075, 0.01584893192461114, 0.019054607179632484, 0.022908676527677745, 0.027542287033381692, 0.03311311214825908], "loss": [1.000304146105095, 1.000305389560087, 1.0003066691004006, 1.0003070251092745, 1.0003057909519089, 1.000302540467443, 1.0002969586732053, 1.0002886994768727, 1.0002779166550813, 1.0002643257830854, 1.0002477797073286, 1.0002282399767326, 1.0002059064697377, 1.0001805653854734, 1.000152361209956, 1.000121369186319, 1.0000875589638942, 1.0000510040178932, 1.0000116534799444, 0.9999695961293009, 0.9999246927364324, 0.9998772834584142, 0.999827065137591, 0.999774090239099, 0.9997176736944234, 0.9996582267313384, 0.9995952858728796, 0.999527869733891, 0.999454266073557, 0.9993730902924456, 0.9992806313707928, 0.9991725348196787, 0.9990403046992455, 0.9988732483779436, 0.9986559108217851, 0.9983678931068957, 0.9979856476629351, 0.9974837134828279, 0.9968374869409892, 0.9960277227912012, 0.9950290890886404, 0.9938150162640224, 0.9923537071179246, 0.990607244215124, 0.9885126245838317, 0.9859723841380377, 0.9829047362067802, 0.9791970195201594, 0.9746519559028968, 0.9690481995452908, 0.9621457427997673, 0.953592801656336, 0.9430595569490814, 0.9301591994095789, 0.9144150964254357, 0.8955604207517711, 0.8731201712504885, 0.8469623288548819, 0.8175033186491064, 0.7864942516532539, 0.7580331858475798, 0.738910291762686, 0.723101304314112, 0.7767456791474766, 1.1449892659520715, 1.34583975095277, 2.233692396694497, 3.7614219037747114]}