{"lr": [1.318256738556407e-06, 1.5135612484362082e-06, 1.7378008287493755e-06, 1.9952623149688796e-06, 2.290867652767773e-06, 2.630267991895382e-06, 3.019951720402016e-06, 3.467368504525316e-06, 3.9810717055349725e-06, 4.57088189614875e-06, 5.248074602497725e-06, 6.025595860743577e-06, 6.918309709189365e-06, 7.943282347242813e-06, 9.120108393559098e-06, 1.0471285480508997e-05, 1.2022644346174127e-05, 1.3803842646028849e-05, 1.5848931924611134e-05, 1.8197008586099834e-05, 2.0892961308540396e-05, 2.3988329190194907e-05, 2.754228703338166e-05, 3.162277660168379e-05, 3.630780547701014e-05, 4.168693834703355e-05, 4.7863009232263844e-05, 5.495408738576244e-05, 6.30957344480193e-05, 7.244359600749901e-05, 8.31763771102671e-05, 9.549925860214361e-05, 0.00010964781961431853, 0.0001258925411794167, 0.00014454397707459272, 0.00016595869074375604, 0.0001905460717963247, 0.0002187761623949553, 0.00025118864315095806, 0.0002884031503126605, 0.000331131121482591, 0.0003801893963205612, 0.00043651583224016595, 0.0005011872336272723, 0.0005754399373371571, 0.0006606934480075957, 0.0007585775750291835, 0.0008709635899560805, 0.001, 0.0011481536214968827, 0.0013182567385564075, 0.0015135612484362085, 0.0017378008287493763, 0.0019952623149688807, 0.002290867652767775, 0.00263026799189538, 0.0030199517204020144, 0.003467368504525315, 0.003981071705534972, 0.0045708818961487496, 0.005248074602497725, 0.006025595860743578, 0.006918309709189365, 0.007943282347242817, 0.0091201083935591, 0.010471285480509001, 0.012022644346174135, 0.013803842646028837, 0.015848931924611124, 0.018197008586099826, 0.020892961308540386, 0.023988329190194897, 0.02754228703338166, 0.03162277660168379, 0.03630780547701014, 0.04168693834703355, 0.04786300923226385, 0.05495408738576248, 0.06309573444801936, 0.07244359600749906, 0.08317637711026704, 0.09549925860214353, 0.10964781961431845, 0.12589254117941667, 0.1445439770745927, 0.16595869074375605, 0.19054607179632474, 0.2187761623949553, 0.25118864315095807, 0.2884031503126607, 0.3311311214825913, 0.3801893963205615, 0.4365158322401656, 0.5011872336272719, 0.5754399373371566, 0.6606934480075957, 0.7585775750291835, 0.8709635899560805, 1.0, 1.1481536214968828], "loss": [1.099472365795856, 1.0994720402557743, 1.0994716150459416, 1.0994710848821592, 1.0994702169654407, 1.0994691895352011, 1.099467762103988, 1.0994660977601876, 1.0994638873768954, 1.099461526371397, 1.0994583591148097, 1.0994547313402436, 1.099450323700191, 1.0994451845968722, 1.099439211037975, 1.099431792378005, 1.0994232737044172, 1.099414165677314, 1.0994023356844869, 1.0993883948830454, 1.0993726609931087, 1.0993544125218984, 1.099333700508415, 1.0993090813829733, 1.0992793520402944, 1.099247300755892, 1.0992028010030892, 1.0991529131864952, 1.0990969080052462, 1.0990271466369819, 1.0989403533174102, 1.0988350942268872, 1.0987105810675364, 1.0985475856096878, 1.098352184109638, 1.0980885718602136, 1.0977433432956347, 1.0973090427814003, 1.0967446501622435, 1.0959606041589303, 1.0948819626965356, 1.0934225197882501, 1.0914509946816193, 1.088904615382236, 1.085708288747752, 1.081812760349694, 1.0772144558564891, 1.0719551097342332, 1.0660338389746642, 1.0593782280528852, 1.051893847690941, 1.0435041403571352, 1.0341226437330029, 1.023641742010271, 1.0119250848288737, 0.9988068638077989, 0.9840900370893507, 0.9675539378129119, 0.9489424136067968, 0.9280040968642544, 0.9045607605107716, 0.8786231190530115, 0.850384015806989, 0.8205877579347729, 0.790677571689772, 0.7626863961462799, 0.738974401139146, 0.7206218765020322, 0.7074055487168831, 0.6978997625939741, 0.6901903805180665, 0.6823455979018521, 0.6723075893590236, 0.6586066800569558, 0.6407741057815578, 0.6217145703539341, 0.6060091661129055, 0.5964736281661532, 0.5921258182303651, 0.5883020455031739, 0.580248296459046, 0.5665888882977249, 0.552469531289883, 0.5410528436039196, 0.5300455205639346, 0.5165617593543231, 0.5089511973740549, 0.5044270595515818, 0.49682204670320107, 0.4862489936471347, 0.47551488994382574, 0.4674933691676401, 0.4586213058221837, 0.45617853446066947, 0.45148584379945733, 0.4565577332848485, 0.45685361451061257, 0.4702133576470242, 0.48497781755117575, 0.5045364292961888]}