{"lr": [1.847849797422291e-05, 2.5118864315095805e-05, 3.4145488738336015e-05, 4.641588833612779e-05, 6.309573444801933e-05, 8.576958985908943e-05, 0.00011659144011798318, 0.00015848931924611134, 0.00021544346900318834, 0.0002928644564625236, 0.00039810717055349735, 0.0005411695265464639, 0.0007356422544596415, 0.001, 0.0013593563908785257, 0.001847849797422291, 0.00251188643150958, 0.003414548873833601, 0.004641588833612778, 0.00630957344480193, 0.008576958985908939, 0.011659144011798324, 0.01584893192461114, 0.02154434690031885, 0.029286445646252376, 0.039810717055349734, 0.05411695265464638, 0.07356422544596415, 0.1, 0.1359356390878527], "loss": [0.9984118957378887, 0.9984030824727248, 0.9983869759551651, 0.9983629391973523, 0.9983249410180808, 0.9982902501222999, 0.9982473911644888, 0.9981785687347728, 0.9980286449016132, 0.9978054265128651, 0.9975151059524734, 0.9971255339534778, 0.9965863780853683, 0.9956189310022918, 0.993800768582035, 0.9910402849049034, 0.9860764673463611, 0.9781061840816442, 0.9648558585136954, 0.9438538513770406, 0.9105995620882147, 0.886619929903319, 0.8865162095209252, 0.8645600382214182, 0.8371984412275293, 0.8144153168010738, 0.8467803674233589, 0.8380068578085824, 0.8567905814827586, 0.9191542159107192]}