{"lr": [1.3803842646028846e-06, 1.62181009735893e-06, 1.905460717963247e-06, 2.2387211385683397e-06, 2.6302679918953817e-06, 3.0902954325135906e-06, 3.6307805477010132e-06, 4.265795188015926e-06, 5.0118723362727224e-06, 5.888436553555889e-06, 6.918309709189363e-06, 8.128305161640993e-06, 9.549925860214362e-06, 1.1220184543019632e-05, 1.3182567385564071e-05, 1.5488166189124817e-05, 1.8197008586099834e-05, 2.137962089502232e-05, 2.5118864315095805e-05, 2.951209226666385e-05, 3.467368504525316e-05, 4.073802778041128e-05, 4.7863009232263824e-05, 5.623413251903491e-05, 6.60693448007596e-05, 7.762471166286919e-05, 9.1201083935591e-05, 0.0001071519305237606, 0.0001258925411794167, 0.00014791083881682073, 0.00017378008287493755, 0.00020417379446695298, 0.00023988329190194915, 0.0002818382931264453, 0.000331131121482591, 0.00038904514499428055, 0.000457088189614875, 0.0005370317963702528, 0.0006309573444801934, 0.0007413102413009172, 0.0008709635899560804, 0.001023292992280754, 0.0012022644346174128, 0.0014125375446227544, 0.001659586907437561, 0.0019498445997580445, 0.0022908676527677724, 0.0026915348039269153, 0.0031622776601683794, 0.0037153522909717258, 0.004365158322401661, 0.0051286138399136505, 0.0060255958607435805, 0.007079457843841384, 0.008317637711026716, 0.0097723722095581, 0.011481536214968821, 0.013489628825916528, 0.01584893192461113, 0.01862087136662867, 0.021877616239495523, 0.025703957827688636, 0.030199517204020167, 0.03548133892335756, 0.041686938347033554, 0.048977881936844644, 0.057543993733715736, 0.06760829753919811, 0.07943282347242808, 0.09332543007969905], "loss": [0.9999350888514072, 0.9999340938781379, 0.9999329004270645, 0.9999313082962643, 0.9999296002058853, 0.99992713461636, 0.9999239927436409, 0.9999205755925321, 0.9999168791233197, 0.9999119669949336, 0.9999057043549058, 0.9999003063115547, 0.9998915797013791, 0.999882212900296, 0.9998696938915381, 0.9998552685030069, 0.9998379096150607, 0.9998172042258745, 0.9997919429825446, 0.9997604341800078, 0.9997189866320236, 0.9996667392619618, 0.9996016647489083, 0.9995161412075853, 0.9994055717693913, 0.9992600517201188, 0.9990690109135125, 0.9987671445102935, 0.99843612076653, 0.9979810289150963, 0.9973592343169189, 0.9965067410124698, 0.995315933259873, 0.9936315248888375, 0.9905232426733313, 0.9868561914866932, 0.9814179207242008, 0.9732698516205532, 0.9609472910677637, 0.9424383836345097, 0.9171293528647108, 0.8920509797113485, 0.8743080568803141, 0.8661751870298812, 0.8556327696605966, 0.8308801931326248, 0.8220909747956343, 0.8032547425774593, 0.8181378965558983, 0.7951915058650111, 0.78812905366985, 0.7691584909636113, 0.7475599829776515, 0.7224827341098115, 0.7117124146834581, 0.6871025481591665, 0.6662606507515524, 0.6623569845436322, 0.6421578435642219, 0.628158072912739, 0.6086198647049152, 0.6161142199466058, 0.6640315658823209, 0.6510908753109764, 0.6408929363086017, 0.6351461092411261, 0.6185427954108065, 0.6013498239865844, 2.359737668758094, 6.349403542329782]}