{"lr": [1.318256738556407e-06, 1.5135612484362082e-06, 1.7378008287493755e-06, 1.9952623149688796e-06, 2.290867652767773e-06, 2.630267991895382e-06, 3.019951720402016e-06, 3.467368504525316e-06, 3.9810717055349725e-06, 4.57088189614875e-06, 5.248074602497725e-06, 6.025595860743577e-06, 6.918309709189365e-06, 7.943282347242813e-06, 9.120108393559098e-06, 1.0471285480508997e-05, 1.2022644346174127e-05, 1.3803842646028849e-05, 1.5848931924611134e-05, 1.8197008586099834e-05, 2.0892961308540396e-05, 2.3988329190194907e-05, 2.754228703338166e-05, 3.162277660168379e-05, 3.630780547701014e-05, 4.168693834703355e-05, 4.7863009232263844e-05, 5.495408738576244e-05, 6.30957344480193e-05, 7.244359600749901e-05, 8.31763771102671e-05, 9.549925860214361e-05, 0.00010964781961431853, 0.0001258925411794167, 0.00014454397707459272, 0.00016595869074375604, 0.0001905460717963247, 0.0002187761623949553, 0.00025118864315095806, 0.0002884031503126605, 0.000331131121482591, 0.0003801893963205612, 0.00043651583224016595, 0.0005011872336272723, 0.0005754399373371571, 0.0006606934480075957, 0.0007585775750291835, 0.0008709635899560805, 0.001, 0.0011481536214968827, 0.0013182567385564075, 0.0015135612484362085, 0.0017378008287493763, 0.0019952623149688807, 0.002290867652767775, 0.00263026799189538, 0.0030199517204020144, 0.003467368504525315, 0.003981071705534972, 0.0045708818961487496, 0.005248074602497725, 0.006025595860743578, 0.006918309709189365, 0.007943282347242817, 0.0091201083935591, 0.010471285480509001, 0.012022644346174135, 0.013803842646028837, 0.015848931924611124, 0.018197008586099826, 0.020892961308540386, 0.023988329190194897, 0.02754228703338166, 0.03162277660168379, 0.03630780547701014, 0.04168693834703355, 0.04786300923226385, 0.05495408738576248, 0.06309573444801936, 0.07244359600749906, 0.08317637711026704, 0.09549925860214353, 0.10964781961431845, 0.12589254117941667, 0.1445439770745927, 0.16595869074375605, 0.19054607179632474, 0.2187761623949553, 0.25118864315095807, 0.2884031503126607, 0.3311311214825913, 0.3801893963205615, 0.4365158322401656, 0.5011872336272719, 0.5754399373371566, 0.6606934480075957, 0.7585775750291835, 0.8709635899560805, 1.0, 1.1481536214968828], "loss": [0.999814115866165, 0.9998133519428801, 0.999812421595685, 0.9998104818896836, 0.999808181271428, 0.9998050606941177, 0.9998013738864743, 0.9997960885759943, 0.9997903670412277, 0.9997837237067371, 0.9997756206248922, 0.9997652230090542, 0.9997534881937622, 0.9997353105999806, 0.9997132462780599, 0.9996887758718594, 0.9996592634525455, 0.9996124899104462, 0.9995657185416861, 0.9994938981289043, 0.999431233927442, 0.9993575274622544, 0.9992624805799504, 0.9991554110988501, 0.9990244789792391, 0.9988545391874236, 0.998679828254347, 0.9984666751931714, 0.9982002426635839, 0.9978714855634844, 0.9974595160411477, 0.9968738182688642, 0.9962209788419008, 0.9953911832656053, 0.9943376650578317, 0.992922292509633, 0.9910504399959861, 0.9886962789533963, 0.9854636408430387, 0.9807906161907276, 0.9746004500364918, 0.9654673828784691, 0.9536194867173017, 0.9372297218664359, 0.9179029182944243, 0.8969560373880736, 0.8812666109262469, 0.8671828210149553, 0.8502697028604589, 0.8261638875194806, 0.8017560558484129, 0.7843213855572656, 0.7681216736159104, 0.751036772762867, 0.7336513899678909, 0.7174303342815326, 0.7012414247912095, 0.6833050928956417, 0.6671349073063748, 0.6521575337736537, 0.6399142377919923, 0.6308880787575178, 0.6178788249786761, 0.6112533947375859, 0.602137902816908, 0.5917449577884317, 0.584756642195369, 0.5801604443812608, 0.5785098111400994, 0.5671934480101817, 0.5840724658645813, 0.5730037527742982, 0.5666799198222549, 0.5573429451295222, 0.5567084067880638, 0.5526653898601674, 0.5470846861530076, 0.5521870950393005, 0.5586138913590067, 0.5641387438137271, 0.5735205083519687, 0.567836588739223, 0.5830968906680315, 0.5932603005488595, 0.6743796758269026, 0.6882228832622657, 0.7024904278539876, 0.7151826303845035, 0.7245269481404027, 0.7251861343559475, 0.7101221448022896, 0.7064124769134155, 0.7210918530677447, 0.7350372604143575, 0.7482853973936396, 0.7608711275239577, 0.7728275711477598, 0.7841861925903718, 0.7949768829608532, 0.8052280388128106]}