{"lr": [1.202264434617413e-05, 1.3182567385564071e-05, 1.4454397707459275e-05, 1.5848931924611138e-05, 1.7378008287493754e-05, 1.9054607179632474e-05, 2.08929613085404e-05, 2.2908676527677732e-05, 2.5118864315095805e-05, 2.7542287033381663e-05, 3.0199517204020165e-05, 3.311311214825912e-05, 3.630780547701014e-05, 3.981071705534973e-05, 4.365158322401661e-05, 4.7863009232263844e-05, 5.248074602497726e-05, 5.75439937337157e-05, 6.309573444801933e-05, 6.918309709189364e-05, 7.585775750291839e-05, 8.317637711026712e-05, 9.120108393559098e-05, 0.0001, 0.00010964781961431853, 0.00012022644346174131, 0.00013182567385564074, 0.00014454397707459272, 0.00015848931924611134, 0.00017378008287493755, 0.00019054607179632476, 0.00020892961308540398, 0.00022908676527677737, 0.00025118864315095795, 0.0002754228703338166, 0.00030199517204020164, 0.00033113112148259116, 0.00036307805477010145, 0.00039810717055349735, 0.0004365158322401659, 0.0004786300923226383, 0.0005248074602497726, 0.000575439937337157, 0.0006309573444801933, 0.0006918309709189367, 0.0007585775750291836, 0.0008317637711026709, 0.0009120108393559097, 0.001, 0.0010964781961431851, 0.0012022644346174132, 0.0013182567385564075, 0.001445439770745928, 0.0015848931924611143, 0.0017378008287493763, 0.0019054607179632465, 0.002089296130854039, 0.002290867652767773, 0.00251188643150958, 0.0027542287033381664, 0.0030199517204020166, 0.003311311214825911, 0.0036307805477010144, 0.003981071705534973, 0.004365158322401661, 0.004786300923226385, 0.005248074602497729, 0.005754399373371567, 0.00630957344480193, 0.006918309709189364, 0.007585775750291836, 0.008317637711026709, 0.009120108393559097, 0.01, 0.010964781961431852, 0.012022644346174132, 0.013182567385564076, 0.014454397707459281, 0.01584893192461114, 0.017378008287493765, 0.019054607179632463, 0.02089296130854039, 0.022908676527677727, 0.0251188643150958, 0.027542287033381664, 0.030199517204020164, 0.03311311214825911, 0.03630780547701014, 0.039810717055349734, 0.04365158322401662, 0.04786300923226385, 0.052480746024977286, 0.057543993733715666, 0.0630957344480193, 0.06918309709189363, 0.07585775750291836, 0.0831763771102671, 0.09120108393559097, 0.1, 0.10964781961431852], "loss": [0.9993353782901018, 0.9992849576155435, 0.9991841763315454, 0.9990348191742388, 0.9988271220160776, 0.9985553886174205, 0.9982121050145132, 0.9977920397849823, 0.9972737502588747, 0.996634570698303, 0.9958834049831489, 0.9949748623058504, 0.9938768753324715, 0.9925343121117387, 0.9909212059730264, 0.9889217736871295, 0.9865249771640984, 0.9835963499946524, 0.9799279245344503, 0.975415227896022, 0.9697663904799565, 0.9626192027767346, 0.9535411392933895, 0.9422272906615147, 0.9277467341620332, 0.9094400434097644, 0.8873431820713253, 0.8630881711029665, 0.8402366149900515, 0.8212971503856888, 0.8053751274356722, 0.7906551763510122, 0.7744209352330088, 0.7544065175750408, 0.7293800204408437, 0.702904408515088, 0.6796651552592423, 0.6606803291995239, 0.6441623326725874, 0.6285505183597488, 0.6123899764912563, 0.595909331061131, 0.5797294347047376, 0.564404221861613, 0.5481946785201088, 0.5300975282202315, 0.514145893313013, 0.5003762074044381, 0.4881714326609161, 0.47572961553368787, 0.46344230746137066, 0.45157507439019345, 0.43841161326644257, 0.42708385638849145, 0.4161748479551882, 0.40657599729140054, 0.3985202758200533, 0.3894428499452563, 0.3824257081408632, 0.37498259557025626, 0.3686365330197437, 0.3649188251107121, 0.3589484074372452, 0.35945036520746665, 0.3538620460353034, 0.3492004468276734, 0.34648099543404587, 0.33968953424673753, 0.3328671908957229, 0.3443601866662977, 0.34090291187813954, 0.33662964010692076, 0.35315624288178576, 0.3480296071018208, 0.3440864977675706, 0.35772674270412813, 0.35113227750088977, 0.3430634828668385, 0.39830168860716053, 0.39519818041732363, 0.39479563726662215, 0.40400484249312807, 0.4085973908346231, 0.40042630166315496, 0.4084525559761374, 0.42889837049655843, 0.4470466679997168, 0.43969785048704546, 0.43863342627590163, 0.6164883881644911, 0.6216685688186666, 0.6404577356642107, 0.6364413574622856, 1.1637519616756393, 1.155306303216594, 1.1576302032339105, 1.1824803982155272, 1.1726193595474599, 1.163182549129784, 1.1563129705989235]}