{"lr": [1.202264434617413e-05, 1.3182567385564071e-05, 1.4454397707459275e-05, 1.5848931924611138e-05, 1.7378008287493754e-05, 1.9054607179632474e-05, 2.08929613085404e-05, 2.2908676527677732e-05, 2.5118864315095805e-05, 2.7542287033381663e-05, 3.0199517204020165e-05, 3.311311214825912e-05, 3.630780547701014e-05, 3.981071705534973e-05, 4.365158322401661e-05, 4.7863009232263844e-05, 5.248074602497726e-05, 5.75439937337157e-05, 6.309573444801933e-05, 6.918309709189364e-05, 7.585775750291839e-05, 8.317637711026712e-05, 9.120108393559098e-05, 0.0001, 0.00010964781961431853, 0.00012022644346174131, 0.00013182567385564074, 0.00014454397707459272, 0.00015848931924611134, 0.00017378008287493755, 0.00019054607179632476, 0.00020892961308540398, 0.00022908676527677737, 0.00025118864315095795, 0.0002754228703338166, 0.00030199517204020164, 0.00033113112148259116, 0.00036307805477010145, 0.00039810717055349735, 0.0004365158322401659, 0.0004786300923226383, 0.0005248074602497726, 0.000575439937337157, 0.0006309573444801933, 0.0006918309709189367, 0.0007585775750291836, 0.0008317637711026709, 0.0009120108393559097, 0.001, 0.0010964781961431851, 0.0012022644346174132, 0.0013182567385564075, 0.001445439770745928, 0.0015848931924611143, 0.0017378008287493763, 0.0019054607179632465, 0.002089296130854039, 0.002290867652767773, 0.00251188643150958, 0.0027542287033381664, 0.0030199517204020166, 0.003311311214825911, 0.0036307805477010144, 0.003981071705534973, 0.004365158322401661, 0.004786300923226385, 0.005248074602497729, 0.005754399373371567, 0.00630957344480193, 0.006918309709189364, 0.007585775750291836, 0.008317637711026709, 0.009120108393559097, 0.01, 0.010964781961431852, 0.012022644346174132, 0.013182567385564076, 0.014454397707459281, 0.01584893192461114, 0.017378008287493765, 0.019054607179632463, 0.02089296130854039, 0.022908676527677727, 0.0251188643150958, 0.027542287033381664, 0.030199517204020164, 0.03311311214825911, 0.03630780547701014, 0.039810717055349734, 0.04365158322401662, 0.04786300923226385, 0.052480746024977286, 0.057543993733715666, 0.0630957344480193, 0.06918309709189363, 0.07585775750291836, 0.0831763771102671, 0.09120108393559097, 0.1, 0.10964781961431852], "loss": [1.0006848179475867, 1.0007005094399994, 1.0007254678274646, 1.0007544116002722, 1.0007830663435957, 1.0008075490920272, 1.0008239783394257, 1.0008280352953778, 1.0008155931927536, 1.0007827261900157, 1.000724643558651, 1.0006363368970237, 1.0005127833142358, 1.0003479062817464, 1.0001352273216488, 0.9998685177832107, 0.9995410670015504, 0.9991463746769667, 0.9986787218687901, 0.9981329518828627, 0.9975048134187268, 0.9967909206873488, 0.9959890238493643, 0.9950984512129404, 0.9941207811082627, 0.9930550890989119, 0.9919006665122023, 0.9906569547187059, 0.9893240704205579, 0.9878990148448805, 0.9863779856217385, 0.9847564881785268, 0.9830272365951042, 0.9811781463525093, 0.9791972600737674, 0.9770724198358861, 0.9747881158283289, 0.9723261173642085, 0.9696643294984015, 0.966778266705779, 0.9636453418244163, 0.9602457189189015, 0.9565570074097289, 0.9525587405557717, 0.948235851024215, 0.9435781762735135, 0.9385612728594541, 0.9331349855234067, 0.9272397373293906, 0.9208049369041532, 0.9137295742271832, 0.9058993592292333, 0.8971817224795507, 0.8874354065759721, 0.876531831099925, 0.8644840632116555, 0.8513508688029641, 0.8372921013800465, 0.8224524699771103, 0.8067829312353827, 0.7899645339873651, 0.7717067529814097, 0.7531056615572985, 0.7334339120287965, 0.7094071650018803, 0.6848853049421822, 0.7451543541063793, 1.0353020203490202, 1.4850543362850688, 1.6334277998166935, NaN, NaN, NaN, NaN, NaN, NaN, NaN, NaN, NaN, NaN, NaN, NaN, NaN, NaN, NaN, NaN, NaN, NaN, NaN, NaN, NaN, NaN, NaN, NaN, NaN, NaN, NaN, NaN, NaN, NaN]}