{"lr": [1.202264434617413e-05, 1.3182567385564071e-05, 1.4454397707459275e-05, 1.5848931924611138e-05, 1.7378008287493754e-05, 1.9054607179632474e-05, 2.08929613085404e-05, 2.2908676527677732e-05, 2.5118864315095805e-05, 2.7542287033381663e-05, 3.0199517204020165e-05, 3.311311214825912e-05, 3.630780547701014e-05, 3.981071705534973e-05, 4.365158322401661e-05, 4.7863009232263844e-05, 5.248074602497726e-05, 5.75439937337157e-05, 6.309573444801933e-05, 6.918309709189364e-05, 7.585775750291839e-05, 8.317637711026712e-05, 9.120108393559098e-05, 0.0001, 0.00010964781961431853, 0.00012022644346174131, 0.00013182567385564074, 0.00014454397707459272, 0.00015848931924611134, 0.00017378008287493755, 0.00019054607179632476, 0.00020892961308540398, 0.00022908676527677737, 0.00025118864315095795, 0.0002754228703338166, 0.00030199517204020164, 0.00033113112148259116, 0.00036307805477010145, 0.00039810717055349735, 0.0004365158322401659, 0.0004786300923226383, 0.0005248074602497726, 0.000575439937337157, 0.0006309573444801933, 0.0006918309709189367, 0.0007585775750291836, 0.0008317637711026709, 0.0009120108393559097, 0.001, 0.0010964781961431851, 0.0012022644346174132, 0.0013182567385564075, 0.001445439770745928, 0.0015848931924611143, 0.0017378008287493763, 0.0019054607179632465, 0.002089296130854039, 0.002290867652767773, 0.00251188643150958], "loss": [1.2864916705977016, 1.2848524164254191, 1.2815324221491406, 1.277249792649446, 1.2726632288526007, 1.267859520671249, 1.2627537375872564, 1.2574835302993226, 1.2522244597569547, 1.2469320097270447, 1.2416095018317785, 1.236327698817863, 1.231086141593595, 1.2258425048207695, 1.220613064643667, 1.2154117561782445, 1.2102213802586501, 1.2050155906220716, 1.1998256675299765, 1.1945640700592512, 1.1892167543977636, 1.1837892993822376, 1.178229281561855, 1.1724852716983396, 1.1664747653928247, 1.1600059061286674, 1.1529251122270694, 1.1449617314944143, 1.1357390473903646, 1.1249901325188043, 1.1124263170199622, 1.0950550368284317, 1.0711636558331574, 1.0400572611321717, 1.0044735108474985, 0.9803259789656581, 0.9598743648220457, 0.9294337276743364, 0.8997530972451769, 0.8729373999424171, 0.8455603428248762, 0.8192914889024232, 0.7946773523190641, 0.7709125415754439, 0.7481994317348502, 0.7283147982984699, 0.7145378109946436, 0.7069197619037889, 0.7154545241438495, 0.7125694983040907, 0.839288733545151, 0.8675680736540382, 1.0703014272850748, 1.083476238213463, 1.8020777572006228, 2.0098200797965267, 2.2203345575884734, 2.951340144959951, 3.997128916377977]}