{"lr": [1.3803842646028847e-07, 1.6218100973589298e-07, 1.9054607179632472e-07, 2.2387211385683399e-07, 2.6302679918953816e-07, 3.090295432513591e-07, 3.630780547701013e-07, 4.265795188015926e-07, 5.011872336272723e-07, 5.888436553555889e-07, 6.918309709189364e-07, 8.128305161640993e-07, 9.549925860214362e-07, 1.1220184543019633e-06, 1.3182567385564072e-06, 1.5488166189124815e-06, 1.8197008586099832e-06, 2.137962089502232e-06, 2.5118864315095806e-06, 2.951209226666385e-06, 3.4673685045253164e-06, 4.073802778041128e-06, 4.7863009232263826e-06, 5.62341325190349e-06, 6.606934480075961e-06, 7.76247116628692e-06, 9.120108393559101e-06, 1.071519305237606e-05, 1.258925411794167e-05, 1.4791083881682072e-05, 1.7378008287493757e-05, 2.0417379446695298e-05, 2.3988329190194914e-05, 2.818382931264453e-05, 3.3113112148259103e-05, 3.890451449942806e-05, 4.57088189614875e-05, 5.3703179637025284e-05, 6.309573444801935e-05, 7.413102413009172e-05, 8.709635899560804e-05, 0.0001023292992280754, 0.00012022644346174128, 0.00014125375446227543, 0.00016595869074375612, 0.00019498445997580445, 0.00022908676527677726, 0.0002691534803926915, 0.00031622776601683794, 0.0003715352290971726, 0.0004365158322401661, 0.000512861383991365, 0.000602559586074358, 0.0007079457843841385, 0.0008317637711026716, 0.00097723722095581, 0.001148153621496882, 0.0013489628825916527, 0.001584893192461113, 0.0018620871366628671, 0.0021877616239495525, 0.0025703957827688637, 0.0030199517204020166, 0.003548133892335756, 0.004168693834703356, 0.0048977881936844644, 0.0057543993733715736, 0.0067608297539198114, 0.007943282347242809, 0.009332543007969905, 0.010964781961431845, 0.012882495516931335, 0.015135612484362078, 0.017782794100389226], "loss": [0.9960325473557124, 0.9960719701247125, 0.9961342186804055, 0.9962117653882138, 0.9962989780448481, 0.9963925531589308, 0.9964897622420725, 0.9965888624967559, 0.9966884950579288, 0.9967868897476245, 0.9968832529248413, 0.9969764342665011, 0.9970654370769022, 0.9971498056012252, 0.9972291977128459, 0.9973031138543302, 0.9973707367498368, 0.997431360549343, 0.9974845142779141, 0.9975297108822464, 0.9975659434523622, 0.9975917323380853, 0.997606759664968, 0.9976087571464427, 0.9975950883128546, 0.9975627204134411, 0.9975090202199777, 0.9974277039889236, 0.9973118872427598, 0.9971494390843233, 0.9969220504437066, 0.9966104818385799, 0.9961839363544853, 0.9956024928842812, 0.994812128302671, 0.9937370394121744, 0.9922684455294022, 0.9902629562436776, 0.9875285300089535, 0.9838124316483615, 0.97883911790029, 0.972314110920412, 0.963827933816283, 0.9531669835685099, 0.9404080948142469, 0.9258447793675046, 0.9100299656945853, 0.893352969328507, 0.876195867916822, 0.8586100365865634, 0.8406285744560994, 0.8224785505070898, 0.8043883524917506, 0.7866250106211691, 0.7695130752512098, 0.7533165439274953, 0.7382077043971156, 0.72411770791133, 0.7112990559697558, 0.6997930919208094, 0.6889001983186842, 0.6784107174992646, 0.6697140697202155, 0.663616392362964, 0.6632071490510718, 0.6617611832105376, 0.6648637720998537, 0.6714304553946924, 0.6933103995499139, 0.7201319865707515, 0.7791094147269173, 1.3778220255727387, 2.780328453697087, 18.099153523576952]}