{"lr": [5.957905408742422e-05, 6.503623678189152e-05, 7.099327371904441e-05, 7.749594937741687e-05, 8.459424189500518e-05, 9.234270719026817e-05, 0.00010080089826694323, 0.00011003382292536328, 0.00012011244339814314, 0.00013111422175032556, 0.00014312371523581298, 0.00015623322618586358, 0.0001705435114245521, 0.00018616455666360695, 0.00020321642182845277, 0.0002218301638124478, 0.00024214884375140403, 0.00026432862656008, 0.0002885399811814427, 0.00031496899077355125, 0.0003438187829038708, 0.0003753110907431766, 0.00040968795725804166, 0.000447213595499958, 0.00048817641928886415, 0.0005328912598984691, 0.0005817017857803266, 0.0006349831439241303, 0.0006931448431551464, 0.0007566339015291689, 0.0008259382820151929, 0.0009015906428717033, 0.0009841724315411485, 0.0010743183535273752, 0.0011727212506028376, 0.0012801374258384008, 0.0013973924563827646, 0.001525387538667242, 0.0016651064148037467, 0.0018176229334107693, 0.001984109302978188, 0.002165845101204458, 0.0023642271095499815, 0.002580780048592864, 0.0028171682966966595, 0.00307520868205719], "loss": [1.0003366295208123, 1.000313530137981, 1.0002307634154504, 1.0000510370266569, 0.9997305532715157, 0.9992227653159089, 0.998471134200447, 0.9974348898249267, 0.9960970532737664, 0.9944561736628785, 0.9925142395389012, 0.9902929520556732, 0.9878141688727402, 0.9851028379646651, 0.9821783432479633, 0.9790424182399581, 0.9757039408262537, 0.972140615172744, 0.9683268080422228, 0.9642144182381852, 0.9597726252799019, 0.9549725510480581, 0.9497795662068451, 0.9441746655145208, 0.938110580414513, 0.9315420662665731, 0.9244040538925644, 0.9166141043289755, 0.9080664967012654, 0.8986596065960167, 0.8882904592172948, 0.8768824839140877, 0.8643778989415929, 0.8508881008657524, 0.8364223910176715, 0.8211355201279172, 0.8048596316643579, 0.7873795703486692, 0.7686358162449209, 0.7500891031536128, 0.7314177540928738, 0.7119609251675344, 0.691166482985875, 0.6676987176951833, 0.6483899570388023, 3.2822798220430127]}